race_id,rank,frame_number,horse_number,horse_id,burden_weight,rider_id,goal_time,last_time,odds,popular,horse_weight,tamer_id,date,is_senba,is_mesu,is_osu,age,half_way_dif,distance,direction,ave_velocity,horse_weight_dif,goal_time_dif,race_number,weather,surface,ground_status,headcount,frame_number_first,horse_number_first,frame_number_second,horse_number_second,frame_number_third,horse_number_third,tansyo,hukusyo_first,hukusyo_second,hukusyo_third,wakuren,umaren,wide_1_2,wide_1_3,wide_2_3,umatan,renhuku3,rentan3,is_obstacle,race_course_id,standard_half_way_dif,horse_type,standard_horse_number,frame_type
202001020707,1,6,12,2016110056,55.0,01163,120.4,36.4,21.6,7,514.0,01176,-1,0,0,0,4,0,2000,-1,16.611295681063122,-32.0,-0.19999999999998863,7,-1,-1,-1,16,6,12,7,14,1,2,"2,160",610,160,160,"2,240","4,430","1,700","1,620",460,"13,020","7,250","70,750",1,-1,0.0,1,0.75,4
202001020707,2,7,14,2016104511,57.0,05339,120.6,35.9,3.5,1,492.0,00386,-1,0,0,0,4,4,2000,-1,16.58374792703151,-10.0,0.19999999999998863,7,-1,-1,-1,16,6,12,7,14,1,2,"2,160",610,160,160,"2,240","4,430","1,700","1,620",460,"13,020","7,250","70,750",1,-1,0.25,2,0.875,4
202001020707,3,1,2,2016105270,55.0,01015,120.7,35.4,4.5,2,430.0,01068,-1,0,0,0,4,8,2000,-1,16.570008285004143,-10.0,0.29999999999999716,7,-1,-1,-1,16,6,12,7,14,1,2,"2,160",610,160,160,"2,240","4,430","1,700","1,620",460,"13,020","7,250","70,750",1,-1,0.5,3,0.125,1
202001020707,4,2,4,2017105662,54.0,01170,120.8,36.3,4.8,3,460.0,01105,-1,0,0,0,3,-1,2000,-1,16.55629139072848,-14.0,0.3999999999999915,7,-1,-1,-1,16,6,12,7,14,1,2,"2,160",610,160,160,"2,240","4,430","1,700","1,620",460,"13,020","7,250","70,750",1,-1,-0.0625,0,0.25,2
202001020707,5,8,15,2016105756,57.0,01091,120.9,36.3,7.5,4,492.0,01169,-1,0,0,0,4,0,2000,-1,16.542597187758478,2.0,0.5,7,-1,-1,-1,16,6,12,7,14,1,2,"2,160",610,160,160,"2,240","4,430","1,700","1,620",460,"13,020","7,250","70,750",1,-1,0.0,0,0.9375,4
202001020707,6,4,8,2017101988,51.0,01181,121.2,36.2,32.2,10,418.0,01133,-1,0,0,0,3,0,2000,-1,16.5016501650165,-6.0,0.7999999999999972,7,-1,-1,-1,16,6,12,7,14,1,2,"2,160",610,160,160,"2,240","4,430","1,700","1,620",460,"13,020","7,250","70,750",1,-1,0.0,0,0.5,3
202001020707,7,5,10,2016100742,57.0,01112,121.3,36.3,45.6,12,448.0,00437,-1,0,0,0,4,2,2000,-1,16.488046166529266,-26.0,0.8999999999999915,7,-1,-1,-1,16,6,12,7,14,1,2,"2,160",610,160,160,"2,240","4,430","1,700","1,620",460,"13,020","7,250","70,750",1,-1,0.125,2,0.625,3
202001020707,8,3,6,2017103569,53.0,01180,121.4,36.7,39.2,11,470.0,01129,-1,0,0,0,3,-2,2000,-1,16.474464579901152,-18.0,1.0,7,-1,-1,-1,16,6,12,7,14,1,2,"2,160",610,160,160,"2,240","4,430","1,700","1,620",460,"13,020","7,250","70,750",1,-1,-0.125,0,0.375,2
202001020707,9,5,9,2016100543,57.0,01025,121.5,36.0,28.3,8,460.0,01094,-1,0,0,0,4,4,2000,-1,16.46090534979424,6.0,1.0999999999999943,7,-1,-1,-1,16,6,12,7,14,1,2,"2,160",610,160,160,"2,240","4,430","1,700","1,620",460,"13,020","7,250","70,750",1,-1,0.25,0,0.5625,3
202001020707,10,7,13,2017105720,54.0,01018,121.5,36.2,15.3,6,468.0,01049,-1,0,0,0,3,1,2000,-1,16.46090534979424,-2.0,1.0999999999999943,7,-1,-1,-1,16,6,12,7,14,1,2,"2,160",610,160,160,"2,240","4,430","1,700","1,620",460,"13,020","7,250","70,750",1,-1,0.0625,0,0.8125,4
202001020707,11,8,16,2016104238,57.0,01096,121.6,37.1,9.2,5,460.0,00420,-1,0,0,0,4,-8,2000,-1,16.447368421052634,0.0,1.1999999999999886,7,-1,-1,-1,16,6,12,7,14,1,2,"2,160",610,160,160,"2,240","4,430","1,700","1,620",460,"13,020","7,250","70,750",1,-1,-0.5,0,1.0,4
202001020707,12,1,1,2014101590,57.0,00689,121.6,36.1,134.8,14,438.0,01035,-1,0,0,0,6,-3,2000,-1,16.447368421052634,-6.0,1.1999999999999886,7,-1,-1,-1,16,6,12,7,14,1,2,"2,160",610,160,160,"2,240","4,430","1,700","1,620",460,"13,020","7,250","70,750",1,-1,-0.1875,0,0.0625,1
202001020707,13,6,11,2017101448,54.0,05243,121.7,37.4,28.8,9,464.0,01114,-1,0,0,0,3,-11,2000,-1,16.433853738701725,0.0,1.2999999999999972,7,-1,-1,-1,16,6,12,7,14,1,2,"2,160",610,160,160,"2,240","4,430","1,700","1,620",460,"13,020","7,250","70,750",1,-1,-0.6875,0,0.6875,3
202001020707,14,3,5,2016105328,55.0,01140,122.0,36.2,170.0,16,446.0,00392,-1,0,0,0,4,0,2000,-1,16.39344262295082,0.0,1.5999999999999943,7,-1,-1,-1,16,6,12,7,14,1,2,"2,160",610,160,160,"2,240","4,430","1,700","1,620",460,"13,020","7,250","70,750",1,-1,0.0,0,0.3125,2
202001020707,15,4,7,2015101679,54.0,01184,123.5,36.9,52.8,13,530.0,01005,-1,0,0,0,5,0,2000,-1,16.194331983805668,-4.0,3.0999999999999943,7,-1,-1,-1,16,6,12,7,14,1,2,"2,160",610,160,160,"2,240","4,430","1,700","1,620",460,"13,020","7,250","70,750",1,-1,0.0,0,0.4375,2
202001020707,16,2,3,2017101611,52.0,01176,126.7,39.7,143.7,15,450.0,05683,-1,0,0,0,3,-1,2000,-1,15.785319652722968,-24.0,6.299999999999997,7,-1,-1,-1,16,6,12,7,14,1,2,"2,160",610,160,160,"2,240","4,430","1,700","1,620",460,"13,020","7,250","70,750",1,-1,-0.0625,0,0.1875,1
202006010509,1,5,9,2015104549,56.0,05339,154.7,37.8,2.6,1,486.0,01124,-1,0,0,0,5,4,2400,-1,15.513897866839043,-12.0,-0.8000000000000114,9,-1,-1,-1,16,5,9,4,7,5,10,260,140,880,170,"2,360","9,080","2,710",360,"3,840","12,630","12,830","77,010",1,-1,0.25,2,0.5625,3
202006010509,2,4,7,2015105928,54.0,01162,155.5,38.4,48.9,12,510.0,01051,-1,0,0,0,5,5,2400,-1,15.434083601286174,-8.0,0.8000000000000114,9,-1,-1,-1,16,5,9,4,7,5,10,260,140,880,170,"2,360","9,080","2,710",360,"3,840","12,630","12,830","77,010",1,-1,0.3125,2,0.4375,2
202006010509,3,5,10,2015105868,56.0,01043,155.8,38.9,4.5,2,472.0,01107,-1,0,0,0,5,5,2400,-1,15.404364569961489,-20.0,1.1000000000000227,9,-1,-1,-1,16,5,9,4,7,5,10,260,140,880,170,"2,360","9,080","2,710",360,"3,840","12,630","12,830","77,010",1,-1,0.3125,0,0.625,3
202006010509,4,8,16,2015100274,55.0,05575,155.9,38.9,8.1,3,496.0,01116,-1,0,0,0,5,1,2400,-1,15.394483643361127,-26.0,1.200000000000017,9,-1,-1,-1,16,5,9,4,7,5,10,260,140,880,170,"2,360","9,080","2,710",360,"3,840","12,630","12,830","77,010",1,-1,0.0625,0,1.0,4
202006010509,5,6,11,2015103197,55.0,00660,155.9,38.7,15.9,7,518.0,01099,-1,0,0,0,5,3,2400,-1,15.394483643361127,-2.0,1.200000000000017,9,-1,-1,-1,16,5,9,4,7,5,10,260,140,880,170,"2,360","9,080","2,710",360,"3,840","12,630","12,830","77,010",1,-1,0.1875,0,0.6875,3
202006010509,6,7,13,2013102513,55.0,01140,155.9,39.3,9.0,4,470.0,01074,-1,0,0,0,7,-4,2400,-1,15.394483643361127,0.0,1.200000000000017,9,-1,-1,-1,16,5,9,4,7,5,10,260,140,880,170,"2,360","9,080","2,710",360,"3,840","12,630","12,830","77,010",1,-1,-0.25,0,0.8125,4
202006010509,7,2,3,2016106069,53.0,01029,156.3,38.7,70.4,13,488.0,00436,-1,0,0,0,4,9,2400,-1,15.355086372360844,-14.0,1.6000000000000227,9,-1,-1,-1,16,5,9,4,7,5,10,260,140,880,170,"2,360","9,080","2,710",360,"3,840","12,630","12,830","77,010",1,-1,0.5625,0,0.1875,1
202006010509,8,3,5,2015101581,54.0,01092,156.5,39.1,24.7,8,442.0,00431,-1,0,0,0,5,7,2400,-1,15.335463258785945,12.0,1.8000000000000114,9,-1,-1,-1,16,5,9,4,7,5,10,260,140,880,170,"2,360","9,080","2,710",360,"3,840","12,630","12,830","77,010",1,-1,0.4375,0,0.3125,2
202006010509,9,1,1,2015104471,54.0,01109,156.8,39.2,9.9,5,542.0,01074,-1,0,0,0,5,2,2400,-1,15.306122448979592,-10.0,2.1000000000000227,9,-1,-1,-1,16,5,9,4,7,5,10,260,140,880,170,"2,360","9,080","2,710",360,"3,840","12,630","12,830","77,010",1,-1,0.125,0,0.0625,1
202006010509,10,2,4,2015103370,54.0,01077,157.1,39.7,31.9,10,516.0,01127,-1,0,0,0,5,0,2400,-1,15.27689369828135,0.0,2.4000000000000057,9,-1,-1,-1,16,5,9,4,7,5,10,260,140,880,170,"2,360","9,080","2,710",360,"3,840","12,630","12,830","77,010",1,-1,0.0,0,0.25,2
202006010509,11,6,12,2014102919,53.0,01009,157.3,40.6,238.3,16,490.0,01065,-1,0,0,0,6,-8,2400,-1,15.257469802924348,-10.0,2.6000000000000227,9,-1,-1,-1,16,5,9,4,7,5,10,260,140,880,170,"2,360","9,080","2,710",360,"3,840","12,630","12,830","77,010",1,-1,-0.5,0,0.75,4
202006010509,12,8,15,2016104797,54.0,05243,157.7,40.9,15.8,6,502.0,01155,-1,0,0,0,4,-1,2400,-1,15.218769816106532,-16.0,3.0,9,-1,-1,-1,16,5,9,4,7,5,10,260,140,880,170,"2,360","9,080","2,710",360,"3,840","12,630","12,830","77,010",1,-1,-0.0625,0,0.9375,4
202006010509,13,7,14,2015104474,52.0,01095,157.8,40.7,207.8,15,490.0,01067,-1,0,0,0,5,-9,2400,-1,15.20912547528517,6.0,3.1000000000000227,9,-1,-1,-1,16,5,9,4,7,5,10,260,140,880,170,"2,360","9,080","2,710",360,"3,840","12,630","12,830","77,010",1,-1,-0.5625,0,0.875,4
202006010509,14,3,6,2011101089,52.0,01164,157.8,40.4,132.9,14,470.0,00427,-1,0,0,0,9,-1,2400,-1,15.20912547528517,0.0,3.1000000000000227,9,-1,-1,-1,16,5,9,4,7,5,10,260,140,880,170,"2,360","9,080","2,710",360,"3,840","12,630","12,830","77,010",1,-1,-0.0625,0,0.375,2
202006010509,15,4,8,2015106102,54.0,01170,158.2,41.6,34.8,11,532.0,00388,-1,0,0,0,5,-14,2400,-1,15.170670037926676,12.0,3.5,9,-1,-1,-1,16,5,9,4,7,5,10,260,140,880,170,"2,360","9,080","2,710",360,"3,840","12,630","12,830","77,010",1,-1,-0.875,0,0.5,3
202110040809,1,8,11,2018105081,52.0,01014,107.8,33.1,1.7,1,438.0,01151,-1,0,0,0,3,9,1800,-1,16.697588126159555,-28.0,-0.29999999999999716,9,-1,-1,-1,11,8,11,6,6,4,4,170,110,130,340,290,380,200,890,"1,180",500,"2,860","6,680",1,-1,0.8181818181818182,4,1.0,4
202110040809,2,6,6,2018105085,54.0,00666,108.1,33.8,4.5,2,452.0,01061,-1,0,0,0,3,3,1800,-1,16.651248843663275,2.0,0.29999999999999716,9,-1,-1,-1,11,8,11,6,6,4,4,170,110,130,340,290,380,200,890,"1,180",500,"2,860","6,680",1,-1,0.2727272727272727,2,0.5454545454545454,3
202110040809,3,4,4,2014104031,55.0,01178,108.4,33.9,36.2,7,468.0,01046,-1,0,0,0,7,4,1800,-1,16.605166051660515,-14.0,0.6000000000000085,9,-1,-1,-1,11,8,11,6,6,4,4,170,110,130,340,290,380,200,890,"1,180",500,"2,860","6,680",1,-1,0.36363636363636365,2,0.36363636363636365,2
202110040809,4,8,10,2017103992,57.0,01157,108.6,34.2,10.2,4,434.0,01154,-1,0,0,0,4,3,1800,-1,16.574585635359117,-4.0,0.7999999999999972,9,-1,-1,-1,11,8,11,6,6,4,4,170,110,130,340,290,380,200,890,"1,180",500,"2,860","6,680",1,-1,0.2727272727272727,2,0.9090909090909091,4
202110040809,5,3,3,2017104932,57.0,01126,108.6,34.6,5.8,3,486.0,01058,-1,0,0,0,4,-1,1800,-1,16.574585635359117,2.0,0.7999999999999972,9,-1,-1,-1,11,8,11,6,6,4,4,170,110,130,340,290,380,200,890,"1,180",500,"2,860","6,680",1,-1,-0.09090909090909091,0,0.2727272727272727,2
202110040809,6,7,8,2016110056,55.0,01171,108.8,35.2,18.4,5,534.0,01176,-1,0,0,0,5,-5,1800,-1,16.544117647058822,20.0,1.0,9,-1,-1,-1,11,8,11,6,6,4,4,170,110,130,340,290,380,200,890,"1,180",500,"2,860","6,680",1,-1,-0.45454545454545453,0,0.7272727272727273,3
202110040809,7,7,9,2017101804,57.0,01125,108.8,34.4,65.7,9,468.0,01110,-1,0,0,0,4,0,1800,-1,16.544117647058822,-14.0,1.0,9,-1,-1,-1,11,8,11,6,6,4,4,170,110,130,340,290,380,200,890,"1,180",500,"2,860","6,680",1,-1,0.0,0,0.8181818181818182,4
202110040809,8,1,1,2017101367,57.0,01114,108.8,34.9,44.0,8,462.0,00411,-1,0,0,0,4,-5,1800,-1,16.544117647058822,2.0,1.0,9,-1,-1,-1,11,8,11,6,6,4,4,170,110,130,340,290,380,200,890,"1,180",500,"2,860","6,680",1,-1,-0.45454545454545453,0,0.09090909090909091,1
202110040809,9,2,2,2017101146,57.0,05243,109.3,34.9,195.2,10,460.0,01173,-1,0,0,0,4,-4,1800,-1,16.46843549862763,-20.0,1.5,9,-1,-1,-1,11,8,11,6,6,4,4,170,110,130,340,290,380,200,890,"1,180",500,"2,860","6,680",1,-1,-0.36363636363636365,0,0.18181818181818182,1
202110040809,10,6,7,2017104667,57.0,01154,109.4,35.6,20.1,6,446.0,01148,-1,0,0,0,4,-8,1800,-1,16.453382084095065,-4.0,1.6000000000000085,9,-1,-1,-1,11,8,11,6,6,4,4,170,110,130,340,290,380,200,890,"1,180",500,"2,860","6,680",1,-1,-0.7272727272727273,0,0.6363636363636364,3
202110040809,11,5,5,2018109129,52.0,01138,109.4,34.6,230.3,11,470.0,01032,-1,0,0,0,3,0,1800,-1,16.453382084095065,-16.0,1.6000000000000085,9,-1,-1,-1,11,8,11,6,6,4,4,170,110,130,340,290,380,200,890,"1,180",500,"2,860","6,680",1,-1,0.0,0,0.45454545454545453,2
202206050410,1,8,15,2019104981,56.0,01043,108.5,34.9,4.9,3,510.0,00399,-1,0,0,0,3,2,1800,-1,16.589861751152075,-16.0,0.0,10,-1,-1,-1,16,8,15,3,6,2,3,490,170,250,140,"1,090","3,020","1,040",320,590,"4,470","2,410","17,700",1,-1,0.125,2,0.9375,4
202206050410,2,3,6,2017104068,57.0,01096,108.5,35.1,10.3,5,488.0,01044,-1,0,0,0,5,-1,1800,-1,16.589861751152075,4.0,0.0,10,-1,-1,-1,16,8,15,3,6,2,3,490,170,250,140,"1,090","3,020","1,040",320,590,"4,470","2,410","17,700",1,-1,-0.0625,1,0.375,2
202206050410,3,2,3,2019105315,56.0,01014,108.5,34.7,2.8,1,478.0,01070,-1,0,0,0,3,3,1800,-1,16.589861751152075,4.0,0.0,10,-1,-1,-1,16,8,15,3,6,2,3,490,170,250,140,"1,090","3,020","1,040",320,590,"4,470","2,410","17,700",1,-1,0.1875,2,0.1875,1
202206050410,4,4,8,2018102158,55.0,01009,108.6,34.6,107.1,11,450.0,01133,-1,0,0,0,4,5,1800,-1,16.574585635359117,0.0,0.09999999999999432,10,-1,-1,-1,16,8,15,3,6,2,3,490,170,250,140,"1,090","3,020","1,040",320,590,"4,470","2,410","17,700",1,-1,0.3125,2,0.5,3
202206050410,5,5,10,2018105008,55.0,05626,108.6,34.3,4.2,2,470.0,01127,-1,0,0,0,4,4,1800,-1,16.574585635359117,0.0,0.09999999999999432,10,-1,-1,-1,16,8,15,3,6,2,3,490,170,250,140,"1,090","3,020","1,040",320,590,"4,470","2,410","17,700",1,-1,0.25,2,0.625,3
202206050410,6,3,5,2019100215,54.0,01085,108.7,35.0,7.4,4,480.0,01048,-1,0,0,0,3,-3,1800,-1,16.55933762649494,-16.0,0.20000000000000284,10,-1,-1,-1,16,8,15,3,6,2,3,490,170,250,140,"1,090","3,020","1,040",320,590,"4,470","2,410","17,700",1,-1,-0.1875,0,0.3125,2
202206050410,7,1,1,2018105213,57.0,05386,108.8,34.9,13.0,6,516.0,01067,-1,0,0,0,4,-1,1800,-1,16.544117647058822,-2.0,0.29999999999999716,10,-1,-1,-1,16,8,15,3,6,2,3,490,170,250,140,"1,090","3,020","1,040",320,590,"4,470","2,410","17,700",1,-1,-0.0625,0,0.0625,1
202206050410,8,1,2,2019100787,54.0,01091,109.0,35.3,21.6,7,412.0,01174,-1,0,0,0,3,-5,1800,-1,16.513761467889907,-6.0,0.5,10,-1,-1,-1,16,8,15,3,6,2,3,490,170,250,140,"1,090","3,020","1,040",320,590,"4,470","2,410","17,700",1,-1,-0.3125,0,0.125,1
202206050410,9,6,12,2017105493,57.0,00422,109.1,35.7,252.6,14,474.0,01110,-1,0,0,0,5,-7,1800,-1,16.498625114573787,-6.0,0.5999999999999943,10,-1,-1,-1,16,8,15,3,6,2,3,490,170,250,140,"1,090","3,020","1,040",320,590,"4,470","2,410","17,700",1,-1,-0.4375,1,0.75,4
202206050410,10,2,4,2017104688,55.0,01168,109.1,34.9,188.6,13,454.0,01128,-1,0,0,0,5,-1,1800,-1,16.498625114573787,-6.0,0.5999999999999943,10,-1,-1,-1,16,8,15,3,6,2,3,490,170,250,140,"1,090","3,020","1,040",320,590,"4,470","2,410","17,700",1,-1,-0.0625,0,0.25,2
202206050410,11,7,14,2018102009,55.0,01025,109.1,35.0,23.5,8,482.0,01182,-1,0,0,0,4,-5,1800,-1,16.498625114573787,-18.0,0.5999999999999943,10,-1,-1,-1,16,8,15,3,6,2,3,490,170,250,140,"1,090","3,020","1,040",320,590,"4,470","2,410","17,700",1,-1,-0.3125,0,0.875,4
202206050410,12,4,7,2017105137,55.0,01188,109.3,34.7,426.3,16,466.0,01165,-1,0,0,0,5,0,1800,-1,16.46843549862763,2.0,0.7999999999999972,10,-1,-1,-1,16,8,15,3,6,2,3,490,170,250,140,"1,090","3,020","1,040",320,590,"4,470","2,410","17,700",1,-1,0.0,0,0.4375,2
202206050410,13,8,16,2018100929,55.0,01162,109.4,34.7,383.7,15,468.0,01017,-1,0,0,0,4,-1,1800,-1,16.453382084095065,-6.0,0.9000000000000057,10,-1,-1,-1,16,8,15,3,6,2,3,490,170,250,140,"1,090","3,020","1,040",320,590,"4,470","2,410","17,700",1,-1,-0.0625,0,1.0,4
202206050410,14,6,11,2018105505,55.0,01075,109.4,34.0,64.1,10,424.0,01097,-1,0,0,0,4,2,1800,-1,16.453382084095065,4.0,0.9000000000000057,10,-1,-1,-1,16,8,15,3,6,2,3,490,170,250,140,"1,090","3,020","1,040",320,590,"4,470","2,410","17,700",1,-1,0.125,2,0.6875,3
202206050410,15,7,13,2018104669,57.0,01122,109.6,34.7,59.4,9,504.0,01055,-1,0,0,0,4,0,1800,-1,16.423357664233578,16.0,1.0999999999999943,10,-1,-1,-1,16,8,15,3,6,2,3,490,170,250,140,"1,090","3,020","1,040",320,590,"4,470","2,410","17,700",1,-1,0.0,0,0.8125,4
202206050410,16,5,9,2016104500,57.0,05625,109.8,34.9,119.2,12,492.0,01017,-1,0,0,0,6,-2,1800,-1,16.39344262295082,-2.0,1.2999999999999972,10,-1,-1,-1,16,8,15,3,6,2,3,490,170,250,140,"1,090","3,020","1,040",320,590,"4,470","2,410","17,700",1,-1,-0.125,0,0.5625,3
202209060703,1,4,8,2020103625,55.0,05473,86.2,37.2,8.0,5,462.0,01058,-1,0,0,0,2,14,1400,-1,16.241299303944317,-8.0,0.0,3,-1,-1,-1,16,4,8,6,12,3,6,800,220,140,130,"1,190","1,430",490,440,210,"2,950","1,070","8,630",1,-1,0.875,4,0.5,3
202209060703,2,6,12,2020104893,55.0,01088,86.2,38.5,3.0,1,490.0,01148,-1,0,0,0,2,5,1400,-1,16.241299303944317,-36.0,0.0,3,-1,-1,-1,16,4,8,6,12,3,6,800,220,140,130,"1,190","1,430",490,440,210,"2,950","1,070","8,630",1,-1,0.3125,2,0.75,4
202209060703,3,3,6,2020100960,55.0,00732,86.3,38.8,3.1,2,498.0,01028,-1,0,0,0,2,-1,1400,-1,16.22247972190035,-22.0,0.09999999999999432,3,-1,-1,-1,16,4,8,6,12,3,6,800,220,140,130,"1,190","1,430",490,440,210,"2,950","1,070","8,630",1,-1,-0.0625,1,0.375,2
202209060703,4,5,10,2020101292,55.0,01014,86.7,39.1,7.0,4,490.0,01087,-1,0,0,0,2,-1,1400,-1,16.147635524798154,-16.0,0.5,3,-1,-1,-1,16,4,8,6,12,3,6,800,220,140,130,"1,190","1,430",490,440,210,"2,950","1,070","8,630",1,-1,-0.0625,0,0.625,3
202209060703,5,7,14,2020102184,55.0,01168,86.9,38.4,62.4,7,478.0,01161,-1,0,0,0,2,5,1400,-1,16.110471806674337,2.0,0.7000000000000028,3,-1,-1,-1,16,4,8,6,12,3,6,800,220,140,130,"1,190","1,430",490,440,210,"2,950","1,070","8,630",1,-1,0.3125,2,0.875,4
202209060703,6,8,16,2020103310,53.0,01185,87.1,39.3,9.0,6,442.0,01155,-1,0,0,0,2,-2,1400,-1,16.073478760045926,-2.0,0.8999999999999915,3,-1,-1,-1,16,4,8,6,12,3,6,800,220,140,130,"1,190","1,430",490,440,210,"2,950","1,070","8,630",1,-1,-0.125,0,1.0,4
202209060703,7,1,1,2020100637,54.0,01154,87.2,39.1,129.3,10,476.0,01082,-1,0,0,0,2,1,1400,-1,16.05504587155963,-6.0,1.0,3,-1,-1,-1,16,4,8,6,12,3,6,800,220,140,130,"1,190","1,430",490,440,210,"2,950","1,070","8,630",1,-1,0.0625,0,0.0625,1
202209060703,8,4,7,2020104346,55.0,01157,87.3,39.2,102.0,8,466.0,01138,-1,0,0,0,2,0,1400,-1,16.036655211912944,-12.0,1.0999999999999943,3,-1,-1,-1,16,4,8,6,12,3,6,800,220,140,130,"1,190","1,430",490,440,210,"2,950","1,070","8,630",1,-1,0.0,0,0.4375,2
202209060703,9,6,11,2020104220,54.0,01095,87.5,39.9,120.6,9,442.0,01065,-1,0,0,0,2,-5,1400,-1,16.0,2.0,1.2999999999999972,3,-1,-1,-1,16,4,8,6,12,3,6,800,220,140,130,"1,190","1,430",490,440,210,"2,950","1,070","8,630",1,-1,-0.3125,0,0.6875,3
202209060703,10,7,13,2020106464,54.0,01034,87.6,38.7,165.5,13,492.0,01033,-1,0,0,0,2,2,1400,-1,15.981735159817353,22.0,1.3999999999999915,3,-1,-1,-1,16,4,8,6,12,3,6,800,220,140,130,"1,190","1,430",490,440,210,"2,950","1,070","8,630",1,-1,0.125,0,0.8125,4
202209060703,11,2,4,2020106327,51.0,01187,87.7,38.7,172.6,14,470.0,01135,-1,0,0,0,2,2,1400,-1,15.96351197263398,2.0,1.5,3,-1,-1,-1,16,4,8,6,12,3,6,800,220,140,130,"1,190","1,430",490,440,210,"2,950","1,070","8,630",1,-1,0.125,0,0.25,2
202209060703,12,5,9,2020101558,54.0,01144,88.6,40.1,251.6,15,424.0,01021,-1,0,0,0,2,-2,1400,-1,15.80135440180587,2.0,2.3999999999999915,3,-1,-1,-1,16,4,8,6,12,3,6,800,220,140,130,"1,190","1,430",490,440,210,"2,950","1,070","8,630",1,-1,-0.125,0,0.5625,3
202209060703,13,8,15,2020101384,55.0,05203,88.8,41.1,6.5,3,470.0,01042,-1,0,0,0,2,-9,1400,-1,15.765765765765764,-10.0,2.5999999999999943,3,-1,-1,-1,16,4,8,6,12,3,6,800,220,140,130,"1,190","1,430",490,440,210,"2,950","1,070","8,630",1,-1,-0.5625,0,0.9375,4
202209060703,14,3,5,2020100445,52.0,01194,89.1,40.1,659.6,16,480.0,01107,-1,0,0,0,2,-1,1400,-1,15.712682379349047,20.0,2.8999999999999915,3,-1,-1,-1,16,4,8,6,12,3,6,800,220,140,130,"1,190","1,430",490,440,210,"2,950","1,070","8,630",1,-1,-0.0625,0,0.3125,2
202209060703,15,2,3,2020103861,54.0,01099,89.7,39.3,159.0,12,434.0,01018,-1,0,0,0,2,1,1400,-1,15.607580824972128,-6.0,3.5,3,-1,-1,-1,16,4,8,6,12,3,6,800,220,140,130,"1,190","1,430",490,440,210,"2,950","1,070","8,630",1,-1,0.0625,0,0.1875,1
202209060703,16,1,2,2020100034,54.0,01018,90.7,43.3,137.8,11,458.0,01101,-1,0,0,0,2,-15,1400,-1,15.435501653803748,14.0,4.5,3,-1,-1,-1,16,4,8,6,12,3,6,800,220,140,130,"1,190","1,430",490,440,210,"2,950","1,070","8,630",1,-1,-0.9375,0,0.125,1
202210030712,1,4,7,2019100539,54.0,01126,104.9,38.0,5.4,2,486.0,00422,-1,0,0,0,3,5,1700,-1,16.205910390848427,-14.0,-0.09999999999999432,12,-1,-1,-1,16,4,7,5,9,5,10,540,250,200,430,"1,560","1,840",730,"2,360","1,260","3,600","11,450","51,210",1,-1,0.3125,2,0.4375,2
202210030712,2,5,9,2018102048,53.0,01193,105.0,38.0,5.5,3,452.0,01111,-1,0,0,0,4,10,1700,-1,16.19047619047619,-2.0,0.09999999999999432,12,-1,-1,-1,16,4,7,5,9,5,10,540,250,200,430,"1,560","1,840",730,"2,360","1,260","3,600","11,450","51,210",1,-1,0.625,3,0.5625,3
202210030712,3,5,10,2019102202,54.0,01130,105.2,38.5,15.5,7,506.0,01101,-1,0,0,0,3,-1,1700,-1,16.159695817490494,-18.0,0.29999999999999716,12,-1,-1,-1,16,4,7,5,9,5,10,540,250,200,430,"1,560","1,840",730,"2,360","1,260","3,600","11,450","51,210",1,-1,-0.0625,1,0.625,3
202210030712,4,8,15,2018100679,57.0,01174,105.6,38.6,6.0,4,514.0,01120,-1,0,0,0,4,3,1700,-1,16.098484848484848,-12.0,0.6999999999999886,12,-1,-1,-1,16,4,7,5,9,5,10,540,250,200,430,"1,560","1,840",730,"2,360","1,260","3,600","11,450","51,210",1,-1,0.1875,2,0.9375,4
202210030712,5,2,3,2017101291,57.0,01154,105.6,38.4,20.0,8,506.0,01157,-1,0,0,0,5,5,1700,-1,16.098484848484848,6.0,0.6999999999999886,12,-1,-1,-1,16,4,7,5,9,5,10,540,250,200,430,"1,560","1,840",730,"2,360","1,260","3,600","11,450","51,210",1,-1,0.3125,2,0.1875,1
202210030712,6,8,16,2019101974,54.0,01147,106.0,38.5,26.6,10,454.0,01095,-1,0,0,0,3,5,1700,-1,16.037735849056602,-4.0,1.0999999999999943,12,-1,-1,-1,16,4,7,5,9,5,10,540,250,200,430,"1,560","1,840",730,"2,360","1,260","3,600","11,450","51,210",1,-1,0.3125,0,1.0,4
202210030712,7,3,6,2018110119,56.0,01102,106.3,39.7,30.5,11,512.0,01184,-1,0,0,0,4,-6,1700,-1,15.99247412982126,-2.0,1.3999999999999915,12,-1,-1,-1,16,4,7,5,9,5,10,540,250,200,430,"1,560","1,840",730,"2,360","1,260","3,600","11,450","51,210",1,-1,-0.375,0,0.375,2
202210030712,8,7,13,2018104648,57.0,01128,106.5,38.7,221.0,13,498.0,01075,-1,0,0,0,4,8,1700,-1,15.96244131455399,14.0,1.5999999999999943,12,-1,-1,-1,16,4,7,5,9,5,10,540,250,200,430,"1,560","1,840",730,"2,360","1,260","3,600","11,450","51,210",1,-1,0.5,0,0.8125,4
202210030712,9,3,5,2019103418,54.0,01018,106.9,39.8,45.3,12,476.0,01065,-1,0,0,0,3,-2,1700,-1,15.90271281571562,-20.0,2.0,12,-1,-1,-1,16,4,7,5,9,5,10,540,250,200,430,"1,560","1,840",730,"2,360","1,260","3,600","11,450","51,210",1,-1,-0.125,0,0.3125,2
202210030712,10,7,14,2019110120,54.0,01088,107.0,39.4,10.8,5,516.0,01151,-1,0,0,0,3,4,1700,-1,15.88785046728972,16.0,2.0999999999999943,12,-1,-1,-1,16,4,7,5,9,5,10,540,250,200,430,"1,560","1,840",730,"2,360","1,260","3,600","11,450","51,210",1,-1,0.25,0,0.875,4
202210030712,11,2,4,2019100807,52.0,01191,107.1,39.8,3.3,1,444.0,01178,-1,0,0,0,3,-2,1700,-1,15.873015873015872,-14.0,2.1999999999999886,12,-1,-1,-1,16,4,7,5,9,5,10,540,250,200,430,"1,560","1,840",730,"2,360","1,260","3,600","11,450","51,210",1,-1,-0.125,0,0.25,2
202210030712,12,6,12,2019105142,54.0,01163,107.8,40.9,25.3,9,492.0,01075,-1,0,0,0,3,-8,1700,-1,15.769944341372913,14.0,2.8999999999999915,12,-1,-1,-1,16,4,7,5,9,5,10,540,250,200,430,"1,560","1,840",730,"2,360","1,260","3,600","11,450","51,210",1,-1,-0.5,0,0.75,4
202210030712,13,1,1,2018106584,57.0,05429,108.0,40.5,234.1,14,468.0,00438,-1,0,0,0,4,2,1700,-1,15.74074074074074,2.0,3.0999999999999943,12,-1,-1,-1,16,4,7,5,9,5,10,540,250,200,430,"1,560","1,840",730,"2,360","1,260","3,600","11,450","51,210",1,-1,0.125,0,0.0625,1
202210030712,14,4,8,2019106582,54.0,00732,108.3,40.3,263.8,16,478.0,01049,-1,0,0,0,3,-2,1700,-1,15.697137580794092,-4.0,3.3999999999999915,12,-1,-1,-1,16,4,7,5,9,5,10,540,250,200,430,"1,560","1,840",730,"2,360","1,260","3,600","11,450","51,210",1,-1,-0.125,0,0.5,3
202210030712,15,6,11,2018100857,53.0,01187,108.4,41.4,245.3,15,496.0,01135,-1,0,0,0,4,-11,1700,-1,15.682656826568264,0.0,3.5,12,-1,-1,-1,16,4,7,5,9,5,10,540,250,200,430,"1,560","1,840",730,"2,360","1,260","3,600","11,450","51,210",1,-1,-0.6875,0,0.6875,3
202210030712,16,1,2,2019102065,52.0,01185,108.5,41.7,14.8,6,490.0,01154,-1,0,0,0,3,-13,1700,-1,15.66820276497696,-24.0,3.5999999999999943,12,-1,-1,-1,16,4,7,5,9,5,10,540,250,200,430,"1,560","1,840",730,"2,360","1,260","3,600","11,450","51,210",1,-1,-0.8125,0,0.125,1
202405030606,1,7,14,2021100166,57.0,01150,107.4,34.3,12.4,4,458.0,01086,-1,0,0,0,3,3,1800,-1,16.75977653631285,0.0,-0.09999999999999432,6,-1,-1,-1,16,7,14,5,10,5,9,"1,240",360,580,220,"2,300","12,110","3,360",940,"1,550","26,930","17,650","140,100",1,-1,0.1875,2,0.875,4
202405030606,2,5,10,2021105079,55.0,00689,107.5,34.8,21.7,8,444.0,01190,-1,0,0,0,3,-1,1800,-1,16.74418604651163,-10.0,0.09999999999999432,6,-1,-1,-1,16,7,14,5,10,5,9,"1,240",360,580,220,"2,300","12,110","3,360",940,"1,550","26,930","17,650","140,100",1,-1,-0.0625,1,0.625,3
202405030606,3,5,9,2021103345,57.0,01179,107.7,34.3,6.3,3,438.0,01174,-1,0,0,0,3,3,1800,-1,16.71309192200557,-10.0,0.29999999999999716,6,-1,-1,-1,16,7,14,5,10,5,9,"1,240",360,580,220,"2,300","12,110","3,360",940,"1,550","26,930","17,650","140,100",1,-1,0.1875,2,0.5625,3
202405030606,4,7,13,2021104931,55.0,01180,107.7,34.7,44.7,10,440.0,01059,-1,0,0,0,3,-2,1800,-1,16.71309192200557,-6.0,0.29999999999999716,6,-1,-1,-1,16,7,14,5,10,5,9,"1,240",360,580,220,"2,300","12,110","3,360",940,"1,550","26,930","17,650","140,100",1,-1,-0.125,1,0.8125,4
202405030606,5,2,3,2021101068,55.0,01169,107.8,34.0,12.9,5,434.0,01054,-1,0,0,0,3,7,1800,-1,16.697588126159555,-20.0,0.3999999999999915,6,-1,-1,-1,16,7,14,5,10,5,9,"1,240",360,580,220,"2,300","12,110","3,360",940,"1,550","26,930","17,650","140,100",1,-1,0.4375,3,0.1875,1
202405030606,6,2,4,2021106681,54.0,01184,107.8,34.1,31.4,9,424.0,01112,-1,0,0,0,3,5,1800,-1,16.697588126159555,8.0,0.3999999999999915,6,-1,-1,-1,16,7,14,5,10,5,9,"1,240",360,580,220,"2,300","12,110","3,360",940,"1,550","26,930","17,650","140,100",1,-1,0.3125,2,0.25,2
202405030606,7,6,11,2021110115,57.0,05203,107.9,34.4,17.9,7,508.0,01097,-1,0,0,0,3,2,1800,-1,16.682113067655237,0.0,0.5,6,-1,-1,-1,16,7,14,5,10,5,9,"1,240",360,580,220,"2,300","12,110","3,360",940,"1,550","26,930","17,650","140,100",1,-1,0.125,2,0.6875,3
202405030606,8,8,15,2021101001,57.0,01075,108.0,34.8,88.6,13,482.0,01052,-1,0,0,0,3,-2,1800,-1,16.666666666666668,-2.0,0.5999999999999943,6,-1,-1,-1,16,7,14,5,10,5,9,"1,240",360,580,220,"2,300","12,110","3,360",940,"1,550","26,930","17,650","140,100",1,-1,-0.125,0,0.9375,4
202405030606,9,3,5,2021104861,57.0,01043,108.0,34.8,3.0,2,512.0,01079,-1,0,0,0,3,-5,1800,-1,16.666666666666668,-2.0,0.5999999999999943,6,-1,-1,-1,16,7,14,5,10,5,9,"1,240",360,580,220,"2,300","12,110","3,360",940,"1,550","26,930","17,650","140,100",1,-1,-0.3125,0,0.3125,2
202405030606,10,1,1,2021105483,55.0,05339,108.1,34.4,2.9,1,462.0,01162,-1,0,0,0,3,2,1800,-1,16.651248843663275,0.0,0.6999999999999886,6,-1,-1,-1,16,7,14,5,10,5,9,"1,240",360,580,220,"2,300","12,110","3,360",940,"1,550","26,930","17,650","140,100",1,-1,0.125,2,0.0625,1
202405030606,11,1,2,2021106361,56.0,01192,108.3,34.8,83.0,12,464.0,01048,-1,0,0,0,3,-3,1800,-1,16.62049861495845,8.0,0.8999999999999915,6,-1,-1,-1,16,7,14,5,10,5,9,"1,240",360,580,220,"2,300","12,110","3,360",940,"1,550","26,930","17,650","140,100",1,-1,-0.1875,0,0.125,1
202405030606,12,3,6,2021101893,57.0,01162,108.4,34.9,353.6,16,442.0,01024,-1,0,0,0,3,-3,1800,-1,16.605166051660515,-2.0,1.0,6,-1,-1,-1,16,7,14,5,10,5,9,"1,240",360,580,220,"2,300","12,110","3,360",940,"1,550","26,930","17,650","140,100",1,-1,-0.1875,0,0.375,2
202405030606,13,4,7,2021100461,57.0,00641,108.7,34.7,211.2,14,482.0,01093,-1,0,0,0,3,2,1800,-1,16.55933762649494,-14.0,1.2999999999999972,6,-1,-1,-1,16,7,14,5,10,5,9,"1,240",360,580,220,"2,300","12,110","3,360",940,"1,550","26,930","17,650","140,100",1,-1,0.125,0,0.4375,2
202405030606,14,8,16,2021106405,57.0,00733,108.7,34.5,16.6,6,510.0,01063,-1,0,0,0,3,2,1800,-1,16.55933762649494,-2.0,1.2999999999999972,6,-1,-1,-1,16,7,14,5,10,5,9,"1,240",360,580,220,"2,300","12,110","3,360",940,"1,550","26,930","17,650","140,100",1,-1,0.125,0,1.0,4
202405030606,15,6,12,2021106783,57.0,01009,109.0,34.9,327.5,15,472.0,00417,-1,0,0,0,3,-3,1800,-1,16.513761467889907,20.0,1.5999999999999943,6,-1,-1,-1,16,7,14,5,10,5,9,"1,240",360,580,220,"2,300","12,110","3,360",940,"1,550","26,930","17,650","140,100",1,-1,-0.1875,0,0.75,4
202405030606,16,4,8,2021104604,54.0,01209,109.0,36.0,73.7,11,490.0,01143,-1,0,0,0,3,-14,1800,-1,16.513761467889907,2.0,1.5999999999999943,6,-1,-1,-1,16,7,14,5,10,5,9,"1,240",360,580,220,"2,300","12,110","3,360",940,"1,550","26,930","17,650","140,100",1,-1,-0.875,0,0.5,3
202406020404,1,6,12,2021104461,55.0,05643,71.5,37.3,2.9,1,466.0,01010,-1,0,0,0,3,3,1200,-1,16.783216783216783,6.0,-0.20000000000000284,4,-1,-1,-1,16,6,12,1,2,5,9,290,160,280,370,"1,220","1,600",620,800,"1,460","2,360","4,490","17,790",1,-1,0.1875,2,0.75,4
202406020404,2,1,2,2021103073,57.0,05386,71.7,36.9,11.7,5,444.0,00425,-1,0,0,0,3,9,1200,-1,16.736401673640167,-10.0,0.20000000000000284,4,-1,-1,-1,16,6,12,1,2,5,9,290,160,280,370,"1,220","1,600",620,800,"1,460","2,360","4,490","17,790",1,-1,0.5625,3,0.125,1
202406020404,3,5,9,2021110069,57.0,01140,71.8,37.7,13.5,7,484.0,00427,-1,0,0,0,3,0,1200,-1,16.71309192200557,0.0,0.29999999999999716,4,-1,-1,-1,16,6,12,1,2,5,9,290,160,280,370,"1,220","1,600",620,800,"1,460","2,360","4,490","17,790",1,-1,0.0,0,0.5625,3
202406020404,4,7,14,2021101535,55.0,01170,72.2,38.0,3.9,2,482.0,01086,-1,0,0,0,3,0,1200,-1,16.620498614958446,6.0,0.7000000000000028,4,-1,-1,-1,16,6,12,1,2,5,9,290,160,280,370,"1,220","1,600",620,800,"1,460","2,360","4,490","17,790",1,-1,0.0,0,0.875,4
202406020404,5,7,13,2021103706,54.0,01188,72.3,37.0,384.0,16,468.0,01023,-1,0,0,0,3,9,1200,-1,16.597510373443985,6.0,0.7999999999999972,4,-1,-1,-1,16,6,12,1,2,5,9,290,160,280,370,"1,220","1,600",620,800,"1,460","2,360","4,490","17,790",1,-1,0.5625,3,0.8125,4
202406020404,6,8,15,2021106805,57.0,05212,72.4,37.9,12.6,6,502.0,00412,-1,0,0,0,3,1,1200,-1,16.574585635359114,2.0,0.9000000000000057,4,-1,-1,-1,16,6,12,1,2,5,9,290,160,280,370,"1,220","1,600",620,800,"1,460","2,360","4,490","17,790",1,-1,0.0625,0,0.9375,4
202406020404,7,4,7,2021104547,55.0,01096,72.5,38.5,5.8,3,460.0,01008,-1,0,0,0,3,-5,1200,-1,16.551724137931036,-14.0,1.0,4,-1,-1,-1,16,6,12,1,2,5,9,290,160,280,370,"1,220","1,600",620,800,"1,460","2,360","4,490","17,790",1,-1,-0.3125,0,0.4375,2
202406020404,8,2,4,2021106722,57.0,01171,72.6,38.1,22.0,9,516.0,01177,-1,0,0,0,3,-1,1200,-1,16.528925619834713,-10.0,1.0999999999999943,4,-1,-1,-1,16,6,12,1,2,5,9,290,160,280,370,"1,220","1,600",620,800,"1,460","2,360","4,490","17,790",1,-1,-0.0625,0,0.25,2
202406020404,9,8,16,2021101189,55.0,01162,72.8,38.5,63.3,10,480.0,01106,-1,0,0,0,3,-5,1200,-1,16.483516483516485,-2.0,1.2999999999999972,4,-1,-1,-1,16,6,12,1,2,5,9,290,160,280,370,"1,220","1,600",620,800,"1,460","2,360","4,490","17,790",1,-1,-0.3125,0,1.0,4
202406020404,10,4,8,2021110055,57.0,00666,72.9,37.6,8.6,4,480.0,00427,-1,0,0,0,3,4,1200,-1,16.46090534979424,-2.0,1.4000000000000057,4,-1,-1,-1,16,6,12,1,2,5,9,290,160,280,370,"1,220","1,600",620,800,"1,460","2,360","4,490","17,790",1,-1,0.25,0,0.5,3
202406020404,11,5,10,2021102458,55.0,01153,73.0,38.5,284.1,15,436.0,01152,-1,0,0,0,3,-4,1200,-1,16.438356164383563,-18.0,1.5,4,-1,-1,-1,16,6,12,1,2,5,9,290,160,280,370,"1,220","1,600",620,800,"1,460","2,360","4,490","17,790",1,-1,-0.25,0,0.625,3
202406020404,12,2,3,2021105032,55.0,01092,73.0,37.8,124.9,12,386.0,01026,-1,0,0,0,3,2,1200,-1,16.438356164383563,-4.0,1.5,4,-1,-1,-1,16,6,12,1,2,5,9,290,160,280,370,"1,220","1,600",620,800,"1,460","2,360","4,490","17,790",1,-1,0.125,0,0.1875,1
202406020404,13,3,6,2021104618,57.0,01119,73.1,38.0,234.4,13,470.0,01132,-1,0,0,0,3,0,1200,-1,16.415868673050618,-6.0,1.5999999999999943,4,-1,-1,-1,16,6,12,1,2,5,9,290,160,280,370,"1,220","1,600",620,800,"1,460","2,360","4,490","17,790",1,-1,0.0,0,0.375,2
202406020404,14,3,5,2021103343,55.0,01135,73.3,38.5,279.0,14,480.0,01051,-1,0,0,0,3,-3,1200,-1,16.37107776261937,4.0,1.7999999999999972,4,-1,-1,-1,16,6,12,1,2,5,9,290,160,280,370,"1,220","1,600",620,800,"1,460","2,360","4,490","17,790",1,-1,-0.1875,0,0.3125,2
202406020404,15,6,11,2021100792,57.0,00422,73.3,38.8,116.7,11,460.0,01064,-1,0,0,0,3,-8,1200,-1,16.37107776261937,-14.0,1.7999999999999972,4,-1,-1,-1,16,6,12,1,2,5,9,290,160,280,370,"1,220","1,600",620,800,"1,460","2,360","4,490","17,790",1,-1,-0.5,0,0.6875,3
202406020404,16,1,1,2021100662,52.0,01205,74.1,40.1,21.1,8,426.0,01169,-1,0,0,0,3,-15,1200,-1,16.194331983805668,-10.0,2.5999999999999943,4,-1,-1,-1,16,6,12,1,2,5,9,290,160,280,370,"1,220","1,600",620,800,"1,460","2,360","4,490","17,790",1,-1,-0.9375,0,0.0625,1
202406040612,1,8,16,2020100761,56.0,01160,112.1,37.3,2.6,1,470.0,01088,-1,0,0,0,4,2,1800,-1,16.057091882247995,-8.0,-0.5,12,-1,-1,-1,16,8,16,5,9,8,15,260,120,190,160,420,670,300,320,630,"1,200","1,240","5,090",1,-1,0.125,2,1.0,4
202406040612,2,5,9,2021100446,53.0,01091,112.6,37.6,5.5,3,430.0,01179,-1,0,0,0,3,2,1800,-1,15.985790408525755,-10.0,0.5,12,-1,-1,-1,16,8,16,5,9,8,15,260,120,190,160,420,670,300,320,630,"1,200","1,240","5,090",1,-1,0.125,2,0.5625,3
202406040612,3,8,15,2020101143,56.0,01075,112.8,37.2,6.3,4,440.0,01153,-1,0,0,0,4,9,1800,-1,15.95744680851064,-12.0,0.7000000000000028,12,-1,-1,-1,16,8,16,5,9,8,15,260,120,190,160,420,670,300,320,630,"1,200","1,240","5,090",1,-1,0.5625,3,0.9375,4
202406040612,4,4,8,2020101228,56.0,01188,113.1,37.3,73.0,11,486.0,01094,-1,0,0,0,4,7,1800,-1,15.915119363395226,6.0,1.0,12,-1,-1,-1,16,8,16,5,9,8,15,260,120,190,160,420,670,300,320,630,"1,200","1,240","5,090",1,-1,0.4375,0,0.5,3
202406040612,5,6,11,2021100300,53.0,01197,113.5,38.4,23.1,7,450.0,01076,-1,0,0,0,3,1,1800,-1,15.859030837004406,12.0,1.4000000000000057,12,-1,-1,-1,16,8,16,5,9,8,15,260,120,190,160,420,670,300,320,630,"1,200","1,240","5,090",1,-1,0.0625,0,0.6875,3
202406040612,6,1,1,2020103154,56.0,01158,113.6,37.4,113.6,13,476.0,01132,-1,0,0,0,4,8,1800,-1,15.845070422535212,0.0,1.5,12,-1,-1,-1,16,8,16,5,9,8,15,260,120,190,160,420,670,300,320,630,"1,200","1,240","5,090",1,-1,0.5,0,0.0625,1
202406040612,7,2,4,2020106896,53.0,01212,113.8,38.7,25.1,8,488.0,01121,-1,0,0,0,4,-3,1800,-1,15.817223198594023,8.0,1.7000000000000028,12,-1,-1,-1,16,8,16,5,9,8,15,260,120,190,160,420,670,300,320,630,"1,200","1,240","5,090",1,-1,-0.1875,0,0.25,2
202406040612,8,1,2,2020106579,56.0,05386,114.1,38.6,4.3,2,480.0,01142,-1,0,0,0,4,-1,1800,-1,15.77563540753725,-6.0,2.0,12,-1,-1,-1,16,8,16,5,9,8,15,260,120,190,160,420,670,300,320,630,"1,200","1,240","5,090",1,-1,-0.0625,0,0.125,1
202406040612,9,3,6,2018100595,56.0,01179,114.1,39.0,37.9,9,474.0,01118,-1,0,0,0,6,-2,1800,-1,15.77563540753725,-2.0,2.0,12,-1,-1,-1,16,8,16,5,9,8,15,260,120,190,160,420,670,300,320,630,"1,200","1,240","5,090",1,-1,-0.125,0,0.375,2
202406040612,10,6,12,2020102680,54.0,01205,114.2,38.8,141.1,14,476.0,01154,-1,0,0,0,4,0,1800,-1,15.76182136602452,4.0,2.1000000000000085,12,-1,-1,-1,16,8,16,5,9,8,15,260,120,190,160,420,670,300,320,630,"1,200","1,240","5,090",1,-1,0.0,0,0.75,4
202406040612,11,3,5,2021101602,50.0,01204,114.4,39.7,14.2,5,464.0,01166,-1,0,0,0,3,-10,1800,-1,15.734265734265731,16.0,2.3000000000000114,12,-1,-1,-1,16,8,16,5,9,8,15,260,120,190,160,420,670,300,320,630,"1,200","1,240","5,090",1,-1,-0.625,0,0.3125,2
202406040612,12,2,3,2021100845,53.0,01170,114.7,38.4,45.8,10,454.0,01169,-1,0,0,0,3,1,1800,-1,15.693112467306015,8.0,2.6000000000000085,12,-1,-1,-1,16,8,16,5,9,8,15,260,120,190,160,420,670,300,320,630,"1,200","1,240","5,090",1,-1,0.0625,0,0.1875,1
202406040612,13,7,13,2020103246,53.0,01214,115.0,39.9,15.4,6,480.0,00399,-1,0,0,0,4,-6,1800,-1,15.652173913043478,2.0,2.9000000000000057,12,-1,-1,-1,16,8,16,5,9,8,15,260,120,190,160,420,670,300,320,630,"1,200","1,240","5,090",1,-1,-0.375,0,0.8125,4
202406040612,14,7,14,2020106024,53.0,01207,115.2,40.5,110.9,12,496.0,01008,-1,0,0,0,4,-12,1800,-1,15.625,-14.0,3.1000000000000085,12,-1,-1,-1,16,8,16,5,9,8,15,260,120,190,160,420,670,300,320,630,"1,200","1,240","5,090",1,-1,-0.75,0,0.875,4
